Land,Name,Alternativname englisch,Abkürzung
Russland,Sojus-2.1a,Soyuz-2.1a,Soyuz-2.1a
Russland,Sojus-2.1b,Soyuz-2.1b,Soyuz-2.1b
Russland,Sojus-2.1v,Soyuz-2.1v,Soyuz-2.1v
Russland,Angara A5,Angara A5,Angara-A5
Russland,Angara 1.2,Angara 1.2,Angara-1.2
Russland,Proton-M,Proton-M,Proton-M
China,Chang Zheng 2C,Long March 2C,CZ-2C
China,Chang Zheng 2D,Long March 2D,CZ-2D
China,Chang Zheng 2F,Long March 2F,CZ-2F
China,Chang Zheng 3A,Long March 3A,CZ-3A
China,Chang Zheng 3B,Long March 3B,CZ-3B
China,Chang Zheng 3C,Long March 3C,CZ-3C
China,Chang Zheng 4B,Long March 4B,CZ-4B
China,Chang Zheng 4C,Long March 4C,CZ-4C
China,Chang Zheng 5,Long March 5,CZ-5
China,Chang Zheng 5B,Long March 5B,CZ-5B
China,Chang Zheng 6,Long March 6,CZ-6
China,Chang Zheng 6A,Long March 6A,CZ-6A
China,Chang Zheng 7,Long March 7,CZ-7
China,Chang Zheng 7A,Long March 7A,CZ-7A
China,Chang Zheng 8,Long March 8,CZ-8
China,Chang Zheng 11,Long March 11,CZ-11
China,Kuaizhou 1A,Kuaizhou 1A,KZ-1A
China,Kuaizhou 11,Kuaizhou 11,KZ-11
China,Gushenxing-1,Ceres-1,GSX-1
China,Jielong-3,Smart Dragon 3,SD-3
China,Zhuque-2,Vermilion Bird 2,ZQ-2
China,Yinli-1,Gravity-1,YL-1
China,Shuangquxian 1,Hyperbola-1,SQX-1
Indien,PSLV,Polar Satellite Launch Vehicle,PSLV
Indien,GSLV Mk II,Geosynchronous Satellite Launch Vehicle Mk II,GSLV
Indien,LVM3,Launch Vehicle Mark 3 / GSLV Mk III,LVM3
Indien,SSLV,Small Satellite Launch Vehicle,SSLV
Iran,Simorgh,Simorgh,Simorgh
Iran,Qased,Ghased,Qased
Iran,Qaem 100,Ghaem 100,Qaem-100
Iran,Zuljanah,Zuljanah,Zuljanah
Nordkorea,Chollima-1,Chollima-1,Chollima-1
Nordkorea,Unha-3,Unha-3,Unha-3
USA,Falcon 9,Falcon 9 Full Thrust,F9
USA,Falcon Heavy,Falcon Heavy,FH
USA,Starship,Starship / Super Heavy,Starship
USA,Atlas V,Atlas V,AV
USA,Vulcan Centaur,Vulcan Centaur,Vulcan
USA,Electron,Electron (Rocket Lab),Electron
USA,Space Launch System,Space Launch System,SLS
USA,Firefly Alpha,Firefly Alpha,Alpha
USA,Minotaur I,Minotaur I,Minotaur-I
USA,Minotaur IV,Minotaur IV,Minotaur-IV
USA,Pegasus XL,Pegasus XL,Pegasus-XL
USA,New Glenn,Blue Origin New Glenn,New Glenn
China,Chang Zheng 12,Long March 12,CZ-12
