Kurzel,Latitude,Longitude,Name,Land
JSLC,40.9583,100.2917,Jiuquan Satellite Launch Center,China
TSLC,38.8491,111.6083,Taiyuan Satellite Launch Center,China
XSLC,28.2464,102.0264,Xichang Satellite Launch Center,China
WSLC,19.6144,110.9510,Wenchang Space Launch Site,China
HIIS,35.3900,119.7600,Haiyang Inshore Sea Launch Area (Gelbes Meer),China
HYOS,34.9000,121.1900,Haiyang Offshore Sea Launch Area (Gelbes Meer),China
GIK-1,62.9271,40.5754,Plesetsk Cosmodrome (GIK-1),Russland
VOSC,51.8843,128.3337,Vostochny Cosmodrome,Russland
KAP-Y,48.5786,46.2951,Kapustin Yar,Russland
SVOB,51.4200,128.2500,Svobodny (historisch),Russland
BAIK,45.9200,63.3422,Baikonur Cosmodrome (RU-betrieben),Russland
SDSC,13.7330,80.2350,Satish Dhawan Space Centre (Sriharikota),Indien
TERLS,8.5370,76.8650,Thumba Equatorial Rocket Launching Station,Indien
KSSL,8.3830,78.0500,Kulasekarapattinam SSLV Launch Site,Indien
SSSC,35.2340,53.9210,Semnan Space Center (Imam Khomeini),Iran
SCSL,36.2000,55.3300,Shahroud Space Center,Iran
CSSC,25.3500,60.4000,Chabahar Space Center,Iran
KSS,39.6600,124.7050,Sohae Satellite Launching Station,Nordkorea
THSL,40.8560,129.6660,Tonghae Satellite Launching Ground,Nordkorea
KXMR,28.4889,-80.5517,Cape Canaveral Space Force Station,USA
KVBG,34.7420,-120.5724,Vandenberg Space Force Base (inkl. SLC-6/SLC-8),USA
PABR,65.1194,-147.4306,Poker Flat Research Range (Alaska),USA
PKWA,8.7167,167.7333,Reagan Test Site (Kwajalein Atoll),USA
KLFI,37.8444,-75.4839,Wallops Flight Facility / MARS,USA
KTTS,28.5240,-80.6508,Kennedy Space Center (KSC LC-39A/B),USA
KBRO,25.9968,-97.1552,Starbase Boca Chica (SpaceX),USA
9S2,32.9864,-106.9697,Spaceport America (Virgin Galactic / UP Aerospace),USA
KMHV,35.0131,-118.1517,Mojave Air and Space Port,USA
K33,31.4229,-104.7575,Corn Ranch / Launch Site One (Blue Origin),USA
PACD,57.4353,-152.3378,Pacific Spaceport Complex – Alaska (Kodiak),USA
KCOI,28.6148,-80.6938,Spaceport Florida (CCAFS LC-20/46),USA
HAIN,19.6310,110.9458,Hainan Commercial Launch Site,China
